word,count,doc_count
te,84021,914
li,47793,914
yon,34981,914
yo,34568,905
nan,25327,914
ki,23151,914
ak,19033,901
a,18028,907
ti,15291,900
pou,14350,906
gen,9669,891
la,10537,879
sa,10623,878
di,8776,889
tout,10903,853
bagay,6993,864
moun,7993,840
fè,9233,824
se,6815,849
epi,10100,804
jou,3308,876
pa,6534,833
konnen,5247,845
men,4757,841
wè,5480,828
anpil,6622,812
sou,5501,803
gwo,5461,801
ke,6428,790
renmen,4992,778
mwen,10634,713
kontan,3749,769
bèl,5463,744
rele,2062,777
ap,5346,737
ou,8423,703
an,4746,742
vin,3245,750
byen,3635,736
pase,2666,745
kè,3794,732
lè,3179,737
kòmanse,2964,730
l,8103,665
pran,2662,721
ka,3633,693
lòt,2882,700
pi,3160,683
vle,2922,675
kote,2342,661
nou,7922,599
toujou,2807,652
t,3753,640
jwenn,2323,647
santi,2976,634
tou,2050,639
bon,2733,629
ale,2880,619
gade,2500,621
jan,2682,616
tankou,1981,615
pale,2123,599
souri,2003,596
e,4676,563
ede,2588,565
tan,1550,576
kay,1871,556
mande,1332,547
pral,2241,537
bay,1638,538
chak,1470,537
rive,1158,538
tèt,1540,532
apre,1226,535
menm,1388,530
aprann,2067,520
manje,2282,517
gason,1554,520
kapab,2818,506
pandan,1271,521
jwe,2390,506
solèy,1396,514
janm,1293,509
kontinye,1462,504
je,1343,505
peyi,2191,494
mache,1705,491
istwa,2432,480
dlo,2179,482
avèk,1394,488
bezwen,1514,486
lavi,1568,483
deside,2129,475
viv,1202,479
genyen,2633,463
de,1023,467
pye,1979,450
leve,848,462
soti,907,461
koulè,1636,452
timoun,2188,444
konsa,829,457
klere,959,454
rete,955,454
konn,2238,436
zanmi,1714,433
plen,904,441
plis,936,435
kouri,1109,431
manman,2988,409
dwe,1616,421
chante,2163,415
lan,1548,419
ankò,870,424
paske,1101,416
konprann,1054,414
ansanm,1258,406
vwa,961,406
montre,869,405
bwa,1761,394
mete,899,401
flè,1649,383
tande,889,385
si,863,385
jaden,1779,371
bò,783,380
travay,1232,375
lakay,1155,375
ta,883,372
mitan,676,374
panse,760,367
ye,741,366
sèlman,669,366
m,1352,351
bèt,1718,347
ri,1054,351
reponn,825,351
enpòtan,710,350
pè,1037,344
kèk,828,345
zwazo,1386,338
vini,742,342
pote,820,341
lanmou,1413,334
t'ap,1591,326
fi,905,333
anba,795,331
fò,623,332
pyebwa,1262,325
tè,830,326
bouk,1338,317
sanble,709,321
moman,585,322
nouvo,842,317
pitit,866,313
wouj,737,309
wi,997,305
espesyal,599,309
w,955,305
chita,554,309
youn,709,304
fason,639,304
chèche,706,303
tounen,583,304
grandi,630,300
koute,661,298
mòn,1008,293
depi,365,295
rakonte,718,289
al,493,289
mèsi,765,286
fwa,483,288
danse,1081,279
retounen,509,281
fèt,740,277
granmoun,1218,270
maten,374,279
kisa,470,274
van,666,270
fèy,898,267
anvan,411,272
fòs,683,268
fanmi,988,263
kò,629,262
syèl,641,260
mango,1419,250
sonje,520,257
sèl,542,253
pati,399,254
nwa,475,253
jounen,440,251
figi,409,249
kalite,521,247
pèdi,547,245
wòch,894,241
fin,386,245
mond,497,243
trè,561,242
lakou,798,238
non,385,242
anyen,382,241
ba,520,239
k,469,237
ayiti,679,234
rankontre,506,235
fini,327,236
rivyè,666,231
papa,1265,224
san,395,233
kenbe,463,231
kite,405,231
bliye,351,231
kijan,611,224
vèt,379,226
pataje,551,222
swen,613,220
premye,338,221
eseye,413,220
eksplike,363,218
tonbe,386,216
dous,380,216
lanmè,1847,200
vilaj,876,208
bonjou,574,211
prepare,424,211
kache,428,209
diferan,347,208
ble,339,206
èske,427,202
reflechi,320,203
atansyon,316,202
kounye,309,199
vole,665,194
mennen,384,197
cheve,237,195
wo,327,194
piti,337,193
vre,333,190
pouvwa,504,188
gran,384,188
sispann,310,188
monte,345,186
koule,342,185
plas,376,184
parèt,279,185
wout,370,184
kouraj,444,181
mizik,887,175
sekrè,624,176
briye,258,178
kont,310,176
plizyè,250,176
kwè,331,175
forè,782,170
kras,335,174
fwi,477,171
lwen,287,172
dèyè,277,172
chanje,344,171
kouche,248,171
kòm,258,170
poukisa,257,170
limyè,438,168
jodi,297,169
pwoblèm,377,168
dousman,270,168
kanpe,252,168
rèv,464,165
vit,273,166
plant,538,162
fanm,354,164
tris,247,165
sezi,244,165
blan,308,164
difisil,240,164
devan,221,162
bonè,376,160
lekòl,514,158
sèvi,279,159
jwèt,431,154
tann,217,156
desann,221,155
mal,255,153
plezi,250,153
louvri,214,153
vil,372,150
bri,258,150
anvi,268,148
antre,245,148
espwa,318,147
pwòp,231,147
pre,202,147
liv,503,143
lontan,226,146
anseye,250,145
gwoup,405,143
bat,214,145
kouvri,199,145
santiman,241,143
jis,236,143
tap,405,141
lespri,470,140
avè,220,142
klè,212,142
fon,350,140
zetwal,616,137
vwayaj,429,139
fèmen,197,141
chache,362,139
ranpli,202,140
lide,233,139
leson,228,139
branch,278,138
k'ap,300,137
briyan,203,138
kontantman,242,137
moso,302,136
grenn,350,135
vye,253,135
vivan,211,134
ekri,359,131
jòn,205,130
diri,273,129
ann,381,126
direksyon,221,127
sant,192,125
cho,176,125
pwason,610,120
kado,391,122
bouch,161,124
dòmi,258,122
tèlman,213,122
bann,290,121
pare,188,122
soufle,166,121
pòt,267,119
swa,351,118
kriye,199,119
etranj,156,119
okenn,166,117
sak,257,116
konesans,237,116
lapli,409,114
lanati,355,114
nenpòt,170,116
plante,248,113
itilize,228,113
ane,177,113
respekte,356,111
enpòtans,167,113
pwa,240,112
ladan,144,112
rad,193,111
long,178,111
kreye,268,110
deyò,163,111
souvan,156,110
remake,134,110
lari,231,108
eksperyans,144,108
valè,188,106
dayiti,308,104
swiv,175,105
move,235,104
finalman,128,105
grann,697,98
rasanble,139,104
malad,168,103
fòm,158,103
dou,148,103
gou,189,101
anndan,175,101
bato,332,99
kesyon,178,100
bannann,259,99
imajine,131,100
fasil,125,100
oswa,123,100
vizite,171,99
pwoteje,225,98
dekouvri,278,97
vrèman,165,98
pouse,156,98
toupatou,154,98
toupre,115,98
le,214,96
naje,353,94
l'ap,168,96
isit,165,96
disparèt,130,96
fre,125,96
chemen,196,95
mi,161,95
èd,171,93
kòman,350,91
anlè,163,93
eksplore,145,93
achte,234,92
koulye,139,93
bwè,224,92
deja,122,93
melodi,179,92
kwen,122,92
fatige,117,92
legim,228,90
rezon,123,91
y,120,91
lajwa,174,90
bwat,337,88
souf,122,90
mouri,175,89
son,163,89
konfyans,161,89
fe,618,84
sans,136,86
chwazi,118,86
ankouraje,110,86
bout,117,85
gaye,109,85
enkyete,102,85
pawòl,147,84
rasin,317,82
nonm,184,83
vag,154,83
lò,152,83
oke,145,83
desen,181,82
dakò,99,82
fen,96,82
poze,124,81
vann,196,80
zèb,166,80
ouvri,123,80
kalm,105,80
fyè,105,80
enèji,122,79
jean,839,71
trankil,94,79
difikilte,104,78
semèn,102,78
egzanp,96,78
kominote,186,77
koupe,176,76
pòtoprens,167,76
efò,114,76
boul,193,75
ranmase,109,75
vire,107,75
tranble,94,75
mo,167,74
dans,231,73
ajoute,116,74
chaje,102,74
sove,159,73
lajan,220,72
enteresan,111,73
voye,111,73
sekirite,110,73
anbrase,98,73
lannwit,131,72
reve,128,72
do,116,72
twò,109,72
espere,105,72
souke,91,72
apremidi,85,72
bondye,229,70
n,127,71
kokoye,199,70
ban,93,71
plaj,224,69
poul,166,69
twou,157,69
pakèt,108,69
reyalize,97,69
lonje,80,69
jouk,107,68
abite,96,68
kout,88,68
bra,82,68
vwayaje,163,67
kabann,117,67
pwoche,79,67
sab,133,66
zòn,123,66
aksepte,114,66
respè,103,66
madanm,376,63
bèlte,179,65
lapè,165,65
zèl,222,64
lou,127,65
kantite,115,65
poukont,92,65
eksitasyon,69,65
chen,320,62
chans,110,64
pwomèt,96,64
kouman,95,64
po,93,64
diferans,90,64
chalè,88,64
èdtan,69,64
rose,558,58
nwit,135,62
trezò,286,60
fas,97,62
mouvman,86,62
jak,1185,50
sous,173,61
grangou,124,61
dife,123,61
pasyans,105,61
bèf,352,58
wow,89,60
manke,79,60
ayisyen,162,59
prèske,68,60
sèt,63,60
demen,112,59
vant,111,59
avanti,197,58
seri,104,59
kou,82,59
frape,81,59
jean-pierre,761,51
petèt,88,58
pafwa,75,58
kap,158,57
dam,151,57
frè,102,57
bote,98,57
kolekte,97,57
majik,183,56
tristès,91,57
ase,84,57
laj,69,57
we,344,54
palmis,157,56
posib,64,57
chanm,136,56
konte,109,56
plan,93,56
tab,87,56
oh,84,56
fleri,81,56
raple,73,56
gri,67,56
bese,63,56
kòmansman,62,56
papye,152,55
lang,150,55
kabrit,308,53
mèt,260,53
eksite,65,55
kraze,62,55
goumen,134,54
pierre,655,48
sante,96,54
apresye,86,54
etonan,63,54
nwaj,99,53
aksyon,95,53
selebre,87,53
doulè,87,53
solisyon,78,53
kolore,76,53
lapenn,75,53
jiskaske,71,53
fèb,67,53
sere,67,53
chat,238,51
konsèy,113,52
sote,85,52
machin,173,51
lalin,448,48
ni,130,51
lak,202,50
pèmèt,100,51
zòrèy,88,51
konsantre,80,51
aprè,79,51
orevwa,78,51
resevwa,65,51
kiryozite,61,51
etone,61,51
bourik,242,49
jèn,146,50
mesye,203,49
goute,93,50
bijou,87,50
jwi,76,50
dènye,68,50
oblije,66,50
andedan,66,50
deplase,65,50
pèsonn,64,50
atè,53,50
banann,129,49
twa,74,49
remèsye,68,49
sè,136,48
bati,91,48
lave,90,48
kilti,180,47
gout,79,48
chèz,74,48
ouvè,72,48
lemonn,70,48
obsève,68,48
rès,56,48
soupi,53,48
mesaj,119,47
souvni,116,47
geri,101,47
soufri,81,47
memwa,64,47
ofri,62,47
suiv,59,47
alantou,58,47
malgre,55,47
kòd,137,46
madan,309,44
chapo,119,46
granmè,300,44
sèk,101,46
avantur,80,46
pen,71,46
prekosyon,62,46
rale,61,46
karese,52,46
danje,75,45
kole,67,45
kapasite,64,45
fenèt,61,45
netwaye,61,45
zile,244,43
marie,409,41
cheri,111,44
ewo,97,44
reyisi,91,44
fouye,89,44
siy,71,44
pwoblem,162,43
balanse,64,44
konekte,63,44
pèl,57,44
komense,213,42
batay,107,43
manmi,562,38
amitye,89,43
eske,76,43
plim,73,43
flote,67,43
ansyen,58,43
pwochen,57,43
respire,55,43
senp,55,43
foutbòl,121,42
rich,112,42
pèp,103,42
yonn,100,42
plantasyon,84,42
bonte,80,42
fonse,79,42
mari,350,39
nesesè,52,42
anpeche,50,42
aswè,49,42
y'ap,79,41
piman,78,41
dwat,68,41
lane,64,41
lonbraj,62,41
vreman,58,41
aji,56,41
ranje,51,41
kase,48,41
modèl,48,41
enkyetid,48,41
entelijan,42,41
vè,93,40
zanj,272,38
libète,156,39
konbyen,60,40
manyen,59,40
retire,59,40
kafe,56,40
ant,54,40
mou,47,40
sitou,42,40
vòlè,110,39
zoranj,99,39
talan,90,39
kreyòl,267,37
dwa,79,39
pasyon,73,39
pentire,69,39
pwofesè,156,38
nèt,54,39
rapid,52,39
vanyan,51,39
chanjman,50,39
gras,44,39
toutotou,42,39
devlope,91,38
anviwònman,73,38
etidye,69,38
patisipe,57,38
sal,53,38
nòmal,49,38
rekonèt,46,38
poutèt,46,38
uit,39,38
kreyasyon,69,37
nouvèl,65,37
w'ap,65,37
glas,55,37
touche,50,37
sèten,48,37
dwèt,43,37
dezyèm,40,37
granpapa,283,34
boutèy,99,36
lèt,75,36
siksè,61,36
envite,57,36
desizyon,55,36
jean-baptiste,412,32
kirye,41,36
richès,107,35
m'ap,97,35
bouki,641,29
latè,65,35
pousyè,154,34
pap,61,35
plat,58,35
reprezante,53,35
asire,52,35
silans,48,35
blese,47,35
enspire,43,35
abandone,41,35
reveye,39,35
konstwi,72,34
pwent,66,34
kreyon,156,33
alò,63,34
kwizin,60,34
repo,52,34
fòme,45,34
reyini,44,34
fèm,39,34
koko,483,29
gato,108,33
vrè,81,33
toutan,69,33
danjere,53,33
p'ap,52,33
jete,48,33
makak,231,31
mawon,47,33
bravo,46,33
fyète,41,33
wòl,41,33
frèt,39,33
aktivite,39,33
kristal,36,33
pafè,36,33
peyizaj,109,32
foto,103,32
montay,94,32
paran,57,32
vi,48,32
doktè,139,31
esplike,41,32
amizan,40,32
kèlkeswa,39,32
konsidere,38,32
apwoche,37,32
akeyi,36,32
liy,114,31
papiyon,99,31
bel,97,31
kat,80,31
boukman,351,28
eritaj,58,31
moute,57,31
natirèl,50,31
espas,47,31
kòt,46,31
ekselan,44,31
fèk,40,31
kiyès,40,31
pòch,37,31
antoure,36,31
maladi,124,30
sis,31,31
zansèt,120,30
mistè,86,30
imaj,78,30
kochon,72,30
tanpèt,64,30
ah,60,30
janti,56,30
zo,233,28
sonnen,48,30
mare,44,30
mayi,42,30
repons,40,30
divès,38,30
repoze,36,30
dekouraje,31,30
tonton,281,27
fènwa,71,29
kòlè,66,29
tradisyon,66,29
savann,150,28
boule,57,29
koulèv,145,28
lot,143,28
dan,50,29
miray,49,29
kouvèti,43,29
kontwole,42,29
atravè,42,29
pli,39,29
pwodui,37,29
etap,35,29
admire,35,29
melanje,35,29
sitiyasyon,33,29
limen,31,29
espesyalman,31,29
lavil,109,28
lilou,433,24
ide,63,28
imajinasyon,61,28
zouti,60,28
ala,51,28
rivaj,50,28
òganize,50,28
detwi,49,28
konpreyansyon,49,28
madam,138,27
kouto,46,28
solid,41,28
plonje,39,28
gide,39,28
sipòte,36,28
kalme,35,28
zepòl,34,28
dirije,32,28
minit,29,28
medikaman,97,27
lanp,164,26
annou,72,27
kòk,255,25
lidè,59,27
kom,48,27
dousè,47,27
sansib,47,27
magazen,44,27
jwa,39,27
fache,37,27
bo,37,27
ebyen,34,27
vide,33,27
enspirasyon,32,27
vid,31,27
koral,122,26
fikse,30,27
defi,85,26
okay,70,26
fil,65,26
pwomès,56,26
pwodwi,56,26
dezi,47,26
pyès,43,26
jenerasyon,40,26
kreyativite,39,26
sòti,38,26
griye,38,26
merite,37,26
sik,36,26
baton,35,26
jenn,32,26
rekonesans,32,26
bouje,32,26
gwosè,29,26
rekonesan,29,26
sekre,212,24
grav,27,26
maji,92,25
rezoud,82,25
lili,245,23
navige,51,25
relasyon,51,25
sipriz,47,25
lavni,39,25
n'ap,37,25
lekti,36,25
kwit,34,25
chape,31,25
travèse,29,25
premyèman,29,25
planifye,28,25
repete,28,25
toudenkou,27,25
lajè,26,25
mirak,87,24
penti,67,24
sezon,49,24
sajès,45,24
kle,41,24
konpasyon,40,24
ritm,39,24
lib,38,24
senbòl,36,24
lage,35,24
sèch,35,24
lajounen,32,24
antye,31,24
enkwayab,31,24
reyèl,29,24
inik,29,24
anplis,29,24
akonpli,28,24
anwo,26,24
senk,25,24
denmen,25,24
bèbè,274,21
bonbon,90,23
balon,75,23
prè,56,23
rekòt,44,23
bòl,42,23
toutouni,41,23
seremoni,39,23
oubyen,39,23
kòf,38,23
dine,37,23
banbou,37,23
malè,36,23
twòp,36,23
pwen,34,23
plenn,30,23
mwa,29,23
abiye,28,23
bloke,25,23
eksprime,24,23
desine,72,22
kouch,58,22
mouton,56,22
kokiyaj,147,21
klas,53,22
vòl,52,22
moutre,46,22
twal,42,22
dimanch,38,22
bouke,34,22
atis,34,22
zannimo,125,21
egziste,31,22
tanpri,30,22
rapèl,30,22
konsènan,29,22
briz,28,22
materyèl,27,22
rèd,27,22
plenyen,27,22
ankourajman,26,22
apiye,26,22
jès,25,22
poz,25,22
responsablite,24,22
mouye,24,22
opòtinite,23,22
chofe,23,22
imedyatman,22,22
chato,94,21
jérémie,271,19
larivyè,86,21
kòb,80,21
fatra,72,21
monn,68,21
machann,58,21
pak,148,20
espri,55,21
remèd,55,21
lanmò,52,21
wa,51,21
bouyon,50,21
nanm,47,21
sèvis,43,21
misyon,43,21
prale,39,21
lakòz,39,21
koman,37,21
ekip,33,21
priye,31,21
chant,29,21
nèf,29,21
bokit,29,21
pay,29,21
rechèch,28,21
o,28,21
mika,302,18
enkyè,25,21
fonn,24,21
satisfaksyon,23,21
diminye,23,21
ezite,22,21
jean-claude,266,18
blag,48,20
katye,46,20
p,41,20
boutik,41,20
defann,40,20
bwason,34,20
granparan,33,20
pil,31,20
komanse,31,20
dekore,30,20
nòt,30,20
koneksyon,28,20
lejand,27,20
timid,25,20
manm,25,20
ekspresyon,25,20
egzakteman,24,20
myèl,23,20
detay,23,20
pwan,22,20
midi,21,20
twazyèm,21,20
krapo,79,19
frwi,70,19
laperèz,57,19
sitiye,52,19
vyann,43,19
woz,42,19
rèl,41,19
jiska,38,19
bebe,37,19
chèf,32,19
kontre,31,19
jantiyès,31,19
anko,30,19
fle,119,18
galri,27,19
kòl,27,19
brav,27,19
kònen,24,19
enterese,24,19
popilè,23,19
komik,23,19
plede,22,19
limit,20,19
prezante,20,19
veye,20,19
abitye,19,19
admirasyon,19,19
jojo,279,16
pwopriyete,87,18
ti-jean,268,16
legliz,67,18
konpetisyon,57,18
pyè,55,18
gita,54,18
wouze,53,18
pwoteksyon,38,18
objektif,38,18
ensèk,36,18
pesonn,33,18
avni,30,18
tradisyonèl,30,18
veso,30,18
glise,30,18
ji,25,18
trete,25,18
sèn,25,18
lespwa,24,18
woule,24,18
dwòl,24,18
separe,23,18
rekòmanse,23,18
onore,23,18
fantastik,22,18
prese,22,18
misterye,21,18
dyaman,21,18
rann,21,18
konmanse,20,18
rapidman,20,18
regrèt,19,18
pifò,19,18
enterè,19,18
lwa,91,17
mizisyen,59,17
tanbou,56,17
lakansyèl,55,17
kok,54,17
tomat,54,17
mesi,53,17
vale,50,17
lejann,46,17
piblik,45,17
okap,43,17
nèj,38,17
koton,37,17
bè,36,17
pòtay,36,17
peyizan,35,17
tablo,35,17
esperans,31,17
touye,30,17
zafè,29,17
fou,29,17
nèg,28,17
dejene,27,17
peze,25,17
pito,24,17
vwazen,22,17
sansasyon,21,17
atann,21,17
diskite,21,17
avan,20,17
won,20,17
reyèlman,20,17
lanèj,18,17
enfòmasyon,18,17
akonpaye,18,17
sòlda,71,16
kante,64,16
paj,56,16
zanmitay,45,16
jean-jacques,131,15
kontni,34,16
ok,33,16
depase,33,16
panyen,33,16
pwal,33,16
poko,30,16
wonn,30,16
soufrans,28,16
chwa,27,16
vwazinaj,26,16
simonte,26,16
atitid,25,16
konplike,24,16
nonmen,23,16
marye,23,16
amoni,23,16
nich,22,16
swete,21,16
manouchka,204,14
ditou,20,16
kot,19,16
pwosesis,19,16
lafyèv,18,16
repa,18,16
konplètman,18,16
okipe,17,16
atire,17,16
prezan,17,16
chwal,108,15
chè,16,16
pòv,16,16
ooooh,16,16
il,107,15
malice,258,13
lagè,57,15
soley,148,14
va,49,15
konkou,49,15
ravin,42,15
libere,37,15
repare,28,15
trase,26,15
lopital,26,15
erè,25,15
pratike,25,15
kouwòn,24,15
rantre,23,15
swaf,23,15
sid,22,15
boujon,22,15
lafwa,22,15
aplike,21,15
byenveni,21,15
pete,21,15
reyalite,21,15
siwo,20,15
mwens,20,15
pwofondè,20,15
konsantrasyon,20,15
kòz,19,15
odè,19,15
akòz,18,15
regilyèman,18,15
byento,18,15
grate,18,15
potansyèl,18,15
soulye,18,15
presye,17,15
natirèlman,17,15
satisfè,16,15
salye,16,15
ini,16,15
depann,16,15
toutotan,15,15
nadine,105,14
krab,100,14
jòdi,92,14
mize,78,14
zye,71,14
koze,70,14
peche,66,14
erzulie,153,13
pwovens,61,14
chanson,59,14
bal,50,14
spesyal,41,14
nyaj,37,14
petal,36,14
enstriman,33,14
grannèg,31,14
kouran,30,14
ajan,29,14
manti,28,14
dansè,28,14
kavo,25,14
pe,24,14
revolisyon,24,14
seche,22,14
peye,22,14
nò,21,14
pwav,21,14
refleksyon,21,14
nap,18,14
amelyore,18,14
siyifikasyon,18,14
domaje,18,14
evènman,18,14
dire,17,14
sovaj,17,14
prefere,17,14
olye,16,14
file,16,14
detèminasyon,16,14
avanse,15,14
koleksyon,15,14
pwofon,15,14
rapò,15,14
alèz,15,14
kwaze,15,14
fatig,15,14
touswit,15,14
nuit,14,14
konpare,14,14
preparasyon,14,14
sousi,14,14
sara,83,13
konsey,62,13
granpè,153,12
senti,60,13
zèklè,53,13
sistèm,51,13
jakmèl,48,13
zèv,41,13
lwil,41,13
pwofond,34,13
chokola,32,13
ero,31,13
rekòlte,28,13
bibliyotèk,28,13
jenou,26,13
poupe,25,13
flanm,25,13
boukannen,25,13
dekri,24,13
pri,24,13
desespere,23,13
respe,23,13
pat,21,13
konplè,21,13
pouki,21,13
bouyi,21,13
panye,19,13
fey,19,13
eklere,18,13
evite,18,13
konsève,18,13
rache,17,13
kòrèk,17,13
reflete,16,13
kreyatif,15,13
blesi,15,13
anonse,15,13
pita,15,13
konfò,15,13
touf,15,13
fennen,14,13
enposib,14,13
verite,14,13
apati,14,13
konfòtab,13,13
ranfòse,13,13
woulo,240,10
planèt,54,12
kiyè,53,12
grot,47,12
flit,44,12
kiki,133,11
bouton,30,12
konbat,29,12
sòs,25,12
chemiz,24,12
zaboka,23,12
dra,23,12
paka,21,12
solidarite,21,12
selebrasyon,21,12
rate,21,12
melanj,20,12
anmè,20,12
sipò,19,12
kominike,19,12
gaspiye,18,12
eklate,18,12
travayè,17,12
patikilye,17,12
kounya,17,12
jeneral,17,12
yè,16,12
donnen,16,12
baze,15,12
mwayen,15,12
dezòd,15,12
bab,15,12
fwon,15,12
atmosfè,14,12
pozitif,14,12
konvèsasyon,14,12
distans,14,12
konpòtman,14,12
trankilite,14,12
varyete,14,12
soulaje,14,12
alo,14,12
byenke,13,12
prensipal,13,12
aklè,13,12
rezilta,13,12
hmm,13,12
pami,12,12
saj,12,12
konsole,12,12
vizit,12,12
anmenmtan,12,12
ra,12,12
emosyon,12,12
balèn,91,11
zòrye,76,11
mak,75,11
pèch,65,11
sekret,49,11
lòd,48,11
pòl,48,11
fet,43,11
anpè,40,11
granmanman,35,11
pwojè,32,11
roz,31,11
siklòn,26,11
kontwòl,26,11
wotè,25,11
plak,23,11
egzèsis,23,11
bouji,23,11
kachèt,22,11
eta,22,11
enstriksyon,22,11
pwisan,22,11
sechrès,21,11
kòn,20,11
lapèch,19,11
mon,18,11
dekorasyon,18,11
gwonde,18,11
entèlijans,18,11
zam,18,11
volonte,17,11
bòs,17,11
bwe,17,11
lwanj,16,11
konpetans,16,11
apresa,16,11
endepandans,15,11
obstak,15,11
sosyete,15,11
wou,15,11
lanse,15,11
lejè,14,11
balans,14,11
eksepsyonèl,14,11
bonswa,14,11
chan,13,11
malèz,13,11
make,13,11
ladrès,13,11
manch,13,11
pliye,13,11
prezans,12,11
apeti,12,11
dapre,12,11
chonje,12,11
detèmine,12,11
et,11,11
jere,11,11
sot,11,11
pwouve,11,11
enkoni,11,11
konfizyon,11,11
matant,76,10
jacques,71,10
kek,51,10
sen,49,10
elèv,46,10
maman,45,10
chyen,44,10
pwòch,44,10
sèpan,39,10
pikan,37,10
lisette,128,9
legba,127,9
lis,34,10
kwe,27,10
natir,27,10
kaskad,27,10
vizyon,27,10
epis,26,10
mòd,22,10
met,21,10
mechan,21,10
medsin,20,10
chodyè,20,10
anraje,20,10
poto,19,10
valiz,18,10
espirityèl,16,10
kache-kache,16,10
okazyon,15,10
fòk,15,10
antere,14,10
fidèl,14,10
pouri,14,10
pechè,14,10
avèti,14,10
dekouvèt,13,10
reyinyon,13,10
limanite,13,10
boulvèse,13,10
pwodiksyon,13,10
kòmantè,13,10
donk,13,10
sifas,12,10
kòlèt,12,10
riban,12,10
curieux,12,10
bòn,12,10
fwote,12,10
tire,11,10
reprann,11,10
selon,11,10
entèlijan,11,10
kounyea,11,10
flèch,11,10
tach,11,10
aprantisaj,11,10
mòso,11,10
pèse,11,10
nen,10,10
lèd,10,10
komen,10,10
posiblite,10,10
ton,10,10
fann,10,10
antouzyasm,10,10
ekstraòdinè,10,10
orizon,10,10
konfonn,10,10
p'tit,91,9
etwal,70,9
lila,140,8
toussaint,44,9
lespas,42,9
konpa,40,9
kamyon,36,9
lapriyè,34,9
esklav,32,9
rire,32,9
pwogram,28,9
edikasyon,27,9
avyon,26,9
proteje,25,9
titi,116,8
drapo,21,9
kale,21,9
nasyonal,21,9
labou,20,9
prèt,20,9
ekoute,19,9
koutim,19,9
asiste,18,9
brile,17,9
priyè,17,9
domi,17,9
pèt,17,9
soup,17,9
koray,16,9
ed,15,9
adore,15,9
fete,15,9
fig,15,9
toto,106,8
lyen,14,9
milye,14,9
itil,14,9
eskize,14,9
pike,13,9
engredyan,13,9
kal,13,9
siviv,12,9
val,12,9
pwogrè,12,9
bouche,12,9
rien,12,9
gonfle,11,9
angajman,11,9
konpayi,11,9
ponyen,11,9
dezè,11,9
gòj,11,9
felisite,11,9
menase,11,9
konsiderasyon,11,9
eleman,11,9
kamarad,11,9
mmm,11,9
gid,11,9
retou,10,9
òdinè,10,9
trennen,10,9
imite,10,9
raje,10,9
ete,10,9
entansyon,10,9
pantalon,9,9
revele,9,9
refize,9,9
demann,9,9
lannuit,9,9
dezyèmman,9,9
reyon,9,9
pwezi,93,8
zantray,54,8
chimen,53,8
jistis,50,8
konstriksyon,39,8
boukan,35,8
radyo,29,8
kokiy,28,8
devwa,27,8
dessalines,26,8
kreyatir,26,8
gwòt,26,8
zoé,116,7
atizay,24,8
langaj,24,8
kominikasyon,23,8
les,22,8
règ,22,8
mask,21,8
paradis,21,8
oui,20,8
kann,19,8
pon,17,8
inite,17,8
karayib,16,8
pèsonalite,16,8
kan,15,8
kapital,15,8
sitwon,15,8
fres,14,8
devlopman,14,8
eskilti,13,8
fonksyone,13,8
bisiklèt,13,8
akolad,13,8
anwiye,12,8
sèman,12,8
konsyan,12,8
lay,11,8
nati,11,8
sandwich,11,8
ekzanp,11,8
kostim,11,8
aplodi,11,8
krèm,11,8
asireman,11,8
parèy,10,8
mèg,10,8
medite,10,8
foul,10,8
abitid,10,8
klète,10,8
kondisyon,10,8
bilding,10,8
ekriti,10,8
atake,10,8
sepandan,10,8
toule,9,8
tranblemanntè,9,8
limenm,9,8
pasyan,9,8
viktwa,9,8
sipoze,9,8
responsab,9,8
annik,9,8
lanfè,9,8
toulede,9,8
menmsi,9,8
refè,9,8
malerezman,8,8
dirèkteman,8,8
posede,8,8
lestomak,8,8
tantativ,8,8
konpoze,8,8
baryè,8,8
nivo,8,8
mèb,8,8
konviksyon,8,8
okontrè,8,8
panike,8,8
pwogrese,8,8
oooooh,8,8
boujonnen,8,8
detann,8,8
jòj,89,7
chenn,82,7
dodo,81,7
fim,40,7
mistik,37,7
kreyati,35,7
bous,35,7
kizin,31,7
vwal,28,7
ze,28,7
ko,26,7
siyen,25,7
krak,25,7
konsè,24,7
kontra,23,7
bòd,23,7
matematik,23,7
demande,22,7
nasyon,21,7
betiz,20,7
rakbwa,20,7
franse,19,7
bale,17,7
krich,17,7
wont,16,7
don,16,7
chaj,15,7
sek,15,7
vyè,15,7
kolye,15,7
miyò,15,7
konseye,14,7
gentan,14,7
tcheke,14,7
wap,14,7
enpak,14,7
esklavaj,14,7
agrikilti,14,7
cheche,13,7
reyaji,13,7
invite,13,7
konkeri,13,7
santral,13,7
rayi,13,7
jwen,12,7
mòde,12,7
veranda,12,7
defèt,12,7
pòsyon,12,7
bèk,12,7
enpresyon,12,7
konbine,11,7
balkon,11,7
aventure,11,7
makèt,11,7
vitès,11,7
transmèt,11,7
lèfini,11,7
ayisyèn,11,7
deye,10,7
remèt,10,7
fri,10,7
machandiz,10,7
brik,10,7
pakè,10,7
vlope,10,7
kaye,10,7
l'a,10,7
defo,10,7
chantè,10,7
dè,10,7
atik,10,7
ret,10,7
choute,10,7
lafimen,10,7
awoze,10,7
sekou,9,7
komès,9,7
jwè,9,7
etajè,9,7
monchè,9,7
organize,9,7
kolibri,9,7
frison,9,7
amize,9,7
sijè,9,7
ankenn,9,7
apral,9,7
dega,9,7
loray,9,7
zak,9,7
flanbo,9,7
malis,100,6
istorik,8,7
etònman,8,7
echèk,8,7
karaktè,8,7
pèmisyon,8,7
obeyi,8,7
osinon,8,7
ren,8,7
paradi,8,7
efè,8,7
konsyans,8,7
eksplorasyon,8,7
echèl,8,7
apeprè,8,7
rejwenn,8,7
mèvèy,8,7
fondasyon,8,7
ladann,8,7
transfòme,8,7
vrèmanvre,8,7
wikenn,8,7
inonde,7,7
okòmansman,7,7
dezespere,7,7
esansyèl,7,7
vo,7,7
bonjan,7,7
bòt,7,7
koud,7,7
kiltivatè,7,7
boure,7,7
baz,7,7
kriz,7,7
janbe,7,7
konpòte,7,7
lite,7,7
senpleman,7,7
soso,87,6
anika,83,6
mè,69,6
mapou,69,6
fifi,64,6
gede,63,6
sophie,58,6
sourit,58,6
rara,45,6
nouriti,36,6
wòb,34,6
sekè,28,6
tambou,25,6
pèlen,23,6
jezi,22,6
lapen,22,6
ogmante,22,6
joumou,21,6
sòlèy,19,6
pwazon,18,6
piknik,18,6
ekite,17,6
malfini,16,6
som,16,6
lit,16,6
fimen,16,6
kit,15,6
mas,15,6
parfim,15,6
sifi,15,6
kanò,14,6
djon,14,6
rekonstwi,14,6
ponyèt,14,6
fo,13,6
nesans,13,6
frans,13,6
biwo,13,6
serye,13,6
promet,12,6
happy,12,6
kolè,12,6
pataj,12,6
tèks,12,6
etranje,11,6
fwè,10,6
atelye,10,6
sirèt,10,6
lonbray,10,6
chay,10,6
aje,10,6
anviwonman,10,6
devouman,10,6
avantaj,10,6
jounal,10,6
waw,10,6
pèfòmans,9,6
pòte,9,6
maren,9,6
siyal,9,6
sakre,9,6
plastik,9,6
kompa,9,6
tiyo,9,6
klòch,9,6
rebati,9,6
kòmsi,9,6
oksijèn,9,6
pour,8,6
gro,8,6
louverture,8,6
tradiksyon,8,6
beni,8,6
ekspè,8,6
akonpanye,8,6
konfli,8,6
abri,8,6
nouri,8,6
teren,8,6
lokal,8,6
kontribye,8,6
gadyen,8,6
panche,8,6
anfòm,8,6
fouri,8,6
joure,7,6
pitye,7,6
envizib,7,6
benyen,7,6
apa,7,6
ateri,7,6
edike,7,6
divize,7,6
chichote,7,6
etenn,7,6
kontribisyon,7,6
tous,7,6
toude,7,6
resèt,7,6
terib,7,6
pwòpte,7,6
kawotchou,6,6
espès,6,6
medikal,6,6
responsabilite,6,6
onè,6,6
palmye,6,6
pal,6,6
distribye,6,6
choke,6,6
juicy,6,6
enpresyonan,6,6
pwolonje,6,6
nève,6,6
sòt,6,6
dout,6,6
inatandi,6,6
antan,6,6
chèch,6,6
metòd,6,6
vif,6,6
tras,6,6
kilès,6,6
epè,6,6
konstan,6,6
katriyèm,6,6
agreyab,6,6
ranplase,6,6
anvayi,6,6
vante,6,6
konsène,6,6
eksepte,6,6
pèsonaj,6,6
pwopoze,6,6
gra,6,6
otou,6,6
febli,6,6
pwatrin,6,6
soulajman,6,6
pandye,6,6
akote,6,6
byenvini,6,6
desi,6,6
mimi,83,5
loulou,81,5
tito,76,5
magi,72,5
selil,69,5
tòti,68,5
kiko,63,5
marc,58,5
kokenn,56,5
zozo,55,5
zòtèy,54,5
manou,51,5
harmony,49,5
mireille,47,5
koki,45,5
tifi,41,5
zizi,41,5
tansyon,36,5
louise,36,5
kòlèg,35,5
konser,34,5
rev,34,5
tig,31,5
tèren,30,5
rouj,29,5
festival,27,5
pwenson,26,5
imè,25,5
tant,25,5
krik,24,5
seksyon,24,5
patrimwàn,21,5
djanm,20,5
dekide,19,5
anj,17,5
kwayans,17,5
rit,17,5
gòl,17,5
kolonyal,16,5
kon,16,5
apele,15,5
anivèsè,15,5
map,14,5
epòk,14,5
sentiman,14,5
eksplozyon,14,5
listwa,14,5
avek,13,5
balè,13,5
volè,13,5
glase,13,5
akòde,12,5
kayiman,12,5
telefòn,12,5
jennen,11,5
deranje,11,5
save,11,5
jij,11,5
dirèk,11,5
fatigue,10,5
alg,10,5
ekriven,10,5
kolabore,10,5
mystè,10,5
kantik,10,5
reviv,10,5
pibliye,10,5
y'al,10,5
anplwaye,10,5
rekreyasyon,10,5
avantir,10,5
kannòt,9,5
restoran,9,5
dat,9,5
amizman,9,5
kòmandman,9,5
dako,9,5
tay,8,5
parti,8,5
au,8,5
pret,8,5
pwisans,8,5
lekol,8,5
repas,8,5
pasaj,8,5
gouvènman,8,5
kominitè,8,5
prensip,8,5
sakado,8,5
explike,8,5
kiltirèl,8,5
grave,8,5
chabon,8,5
ras,7,5
kiltive,7,5
turne,7,5
ferme,7,5
koumanse,7,5
griyo,7,5
kare,7,5
chèn,7,5
lanvi,7,5
pratik,7,5
jwenti,7,5
lwès,7,5
gayan,7,5
defini,7,5
kontanple,7,5
kwoke,7,5
teknik,7,5
ombre,7,5
monstr,7,5
bougonnen,7,5
domino,7,5
tas,7,5
grand,6,5
en,6,5
plato,6,5
bonjour,6,5
frèch,6,5
sole,6,5
etid,6,5
apresyasyon,6,5
etonman,6,5
transpòte,6,5
kreyatè,6,5
kounyeya,6,5
degaje,6,5
lès,6,5
etaj,6,5
transparan,6,5
sèvyèt,6,5
remonte,6,5
note,6,5
brase,6,5
opinyon,6,5
neglije,6,5
envitasyon,6,5
tòde,6,5
l'te,6,5
vapè,6,5
debri,6,5
reyalizasyon,6,5
konmansman,6,5
aparans,6,5
rezistans,6,5
dèske,6,5
touse,6,5
salte,6,5
savon,6,5
lanwit,6,5
apik,6,5
rekipere,6,5
boukle,6,5
fèblan,6,5
redwi,6,5
frajil,6,5
asyèt,6,5
anfen,6,5
tit,5,5
tape,5,5
korije,5,5
zan,5,5
lejou,5,5
parapli,5,5
osi,5,5
kòmande,5,5
siman,5,5
rach,5,5
defansè,5,5
egzamine,5,5
kreyé,5,5
agrikiltè,5,5
bras,5,5
entérésan,5,5
anrejistre,5,5
motivasyon,5,5
reyaksyon,5,5
imen,5,5
fredi,5,5
pwovoke,5,5
bleu,5,5
nesesèman,5,5
koup,5,5
chèchè,5,5
benediksyon,5,5
sourire,5,5
fizik,5,5
presyon,5,5
asepte,5,5
disponib,5,5
souple,5,5
lanmen,5,5
manèv,5,5
dabitid,5,5
anbarase,5,5
reziste,5,5
dilijans,5,5
demontre,5,5
pèsonèl,5,5
trape,5,5
sale,5,5
boukl,5,5
lach,5,5
ensiste,5,5
mezanmi,5,5
grasa,5,5
excellent,5,5
kilè,5,5
kontinyèl,5,5
atak,5,5
pèpèz,96,4
élise,74,4
sòsyè,74,4
nwèl,68,4
manno,62,4
dragon,60,4
wozo,56,4
kwa,53,4
jérémy,42,4
wawa,41,4
ti-jan,39,4
zeklè,39,4
mouch,39,4
foumi,38,4
roseline,36,4
pwèl,35,4
desalin,33,4
kourè,31,4
manmzèl,30,4
palè,30,4
makenson,28,4
bella,24,4
kafou,23,4
rèn,23,4
kribich,22,4
konfiti,21,4
beznen,20,4
boubou,20,4
jasmin,19,4
pwel,19,4
matin,19,4
traverse,18,4
eksplere,17,4
chantèz,17,4
mò,16,4
peyzaj,16,4
magik,16,4
dure,16,4
fleur,15,4
krokodil,15,4
debarase,15,4
grimpe,14,4
zòt,14,4
biznis,14,4
maryaj,13,4
flo,13,4
daccord,13,4
limonad,13,4
goud,12,4
sitye,12,4
bek,12,4
pwès,12,4
ginen,12,4
grès,12,4
toulejou,12,4
papi,12,4
limite,11,4
galaksi,11,4
syans,11,4
fye,11,4
diven,11,4
afich,11,4
fonksyon,10,4
mizè,10,4
volontè,10,4
fonde,10,4
vakans,10,4
pòs,10,4
krentif,10,4
chapit,10,4
gadyèn,9,4
espò,9,4
pò,9,4
ekout,9,4
kreyativ,9,4
milyon,9,4
kurioz,9,4
falèz,9,4
boukè,9,4
odyans,9,4
ven,8,4
poud,8,4
mister,8,4
reklame,8,4
rakonté,8,4
pòm,8,4
bannan,8,4
match,8,4
aparèy,8,4
dormi,8,4
pake,8,4
objè,8,4
haha,8,4
padon,8,4
mwatye,7,4
kanal,7,4
dirab,7,4
krikèt,7,4
marin,7,4
anmèdi,7,4
pèche,7,4
kwiv,7,4
atistik,7,4
kous,7,4
douch,7,4
teras,7,4
zonyon,7,4
idantite,7,4
domine,6,4
oublie,6,4
asye,6,4
nouvel,6,4
w'a,6,4
lèv,6,4
chemin,6,4
atizana,6,4
miwa,6,4
temwen,6,4
vinn,6,4
sache,6,4
bananyè,6,4
anpile,6,4
sa-a,6,4
gate,6,4
aksan,6,4
bravò,6,4
grif,6,4
boum,6,4
swe,6,4
pile,6,4
d,5,4
parc,5,4
pwomnad,5,4
chantye,5,4
konfyan,5,4
risk,5,4
griyen,5,4
toumante,5,4
prezantasyon,5,4
anbisyon,5,4
diskou,5,4
sèp,5,4
anpòtan,5,4
feyè,5,4
fètil,5,4
angle,5,4
apèl,5,4
abondans,5,4
total,5,4
fòse,5,4
dezas,5,4
v,5,4
y'a,5,4
benefis,5,4
eklè,5,4
enpasyans,5,4
konplo,5,4
envante,5,4
kidonk,5,4
vèti,5,4
pèspektiv,5,4
anprent,5,4
près,5,4
pwonmennen,5,4
pann,5,4
estrateji,5,4
dèvè,5,4
pwi,5,4
konpayon,5,4
gwòs,5,4
peri,5,4
powèm,5,4
twati,5,4
timidman,5,4
disparet,5,4
kliyan,5,4
tim,5,4
chire,5,4
senbolize,5,4
aranjman,5,4
ankourajan,4,4
safi,4,4
kwi,4,4
moral,4,4
ondilasyon,4,4
tandans,4,4
pès,4,4
lanne,4,4
izole,4,4
feb,4,4
bank,4,4
respirasyon,4,4
enfliyans,4,4
trisès,4,4
arc-en-ciel,4,4
lakri,4,4
kolektif,4,4
kalkile,4,4
founi,4,4
tapi,4,4
twopikal,4,4
lanatir,4,4
anfas,4,4
afekte,4,4
twazyèmman,4,4
krent,4,4
blesse,4,4
abondan,4,4
vibran,4,4
atenn,4,4
anbasadè,4,4
pwoklame,4,4
frechè,4,4
kouray,4,4
konbinezon,4,4
dis,4,4
remete,4,4
chase,4,4
riye,4,4
souvenir,4,4
chòk,4,4
model,4,4
anbyen,4,4
toufe,4,4
koure,4,4
pèsiste,4,4
inoubliyab,4,4
pozisyon,4,4
vantilasyon,4,4
kontanman,4,4
jodia,4,4
patnè,4,4
anjeneral,4,4
vizitè,4,4
nwaye,4,4
l'yo,4,4
pwofite,4,4
nourisan,4,4
pwopozisyon,4,4
fasilite,4,4
pwosè,4,4
aventur,4,4
pwofesyonèl,4,4
liksyon,4,4
prezève,4,4
nesesite,4,4
delika,4,4
ozalantou,4,4
bravou,4,4
erezman,4,4
faktori,4,4
afeksyon,4,4
antouzyas,4,4
kolaborasyon,4,4
lajman,4,4
matirite,4,4
anbrasad,4,4
ganyan,4,4
jije,4,4
douvan,4,4
debòde,4,4
netwayaj,4,4
aplodisman,4,4
anvè,4,4
chantal,81,3
malou,70,3
ti-manno,65,3
ezili,58,3
mélanie,58,3
jeanty,54,3
ketty,53,3
lily,51,3
anansi,50,3
kòkò,49,3
jon,45,3
anaya,38,3
tijan,37,3
lòtèl,36,3
pwèm,35,3
fanfan,34,3
dekuvri,33,3
vèsè,33,3
ti-zo,33,3
tik,33,3
toutou,32,3
kalfou,30,3
lougawou,27,3
bib,26,3
djan,26,3
bef,25,3
kwokodil,24,3
sarah,22,3
jouke,22,3
ti-lisa,22,3
pwèsyon,22,3
kanaval,21,3
louis,21,3
kòlèj,21,3
michèl,21,3
elodie,21,3
kòbè,112,2
michel,20,3
twop,20,3
ana,19,3
luna,18,3
ple,17,3
lisa,17,3
kanson,17,3
koloni,16,3
marco,16,3
festen,16,3
gueri,16,3
kapitèn,16,3
sol,15,3
ape,15,3
azaka,15,3
lanmitye,15,3
respir,15,3
lamè,15,3
kòkòt,15,3
bis,15,3
par,14,3
siye,14,3
retournen,14,3
makonnen,14,3
batri,14,3
kato,14,3
arete,13,3
konbit,13,3
pol,12,3
fond,11,3
mèch,11,3
lyon,11,3
medam,11,3
uni,10,3
kaptenn,10,3
kach,10,3
kalbas,10,3
rat,10,3
manzè,10,3
komin,9,3
rekonte,9,3
gouvènen,9,3
finn,9,3
bèlè,9,3
gòch,9,3
vès,9,3
òganizasyon,8,3
pik,8,3
legènd,8,3
mer,8,3
baptiste,8,3
prezidan,8,3
samdi,8,3
manouche,8,3
stand,8,3
echap,8,3
ame,7,3
isi,7,3
plantèt,7,3
bwi,7,3
byenèt,7,3
wayòm,7,3
be,7,3
vwayajè,7,3
rekolt,7,3
primè,7,3
kaka,7,3
propoze,7,3
ekonomi,7,3
fiye,7,3
selebrite,7,3
sekrèt,7,3
biskwit,7,3
pant,7,3
chagren,7,3
kalalou,6,3
gwose,6,3
dola,6,3
kalma,6,3
pirat,6,3
acepte,6,3
twoub,6,3
komon,6,3
jardin,6,3
fransè,6,3
lye,6,3
kès,6,3
kad,6,3
aventi,6,3
bol,6,3
gwosi,6,3
antèman,6,3
aspè,6,3
lans,6,3
puisans,6,3
espiri,6,3
efikas,6,3
katastwòf,6,3
atizan,6,3
planifikasyon,6,3
mis,5,3
mais,5,3
s,5,3
ay,5,3
jo,5,3
kolon,5,3
lendè,5,3
kwazyè,5,3
ouvèti,5,3
bak,5,3
kasav,5,3
egal,5,3
santivan,5,3
syèk,5,3
oraj,5,3
swè,5,3
pit,5,3
n'a,5,3
realize,5,3
pèsekisyon,5,3
vèmin,5,3
kakawo,5,3
foure,5,3
sof,5,3
repose,5,3
plezir,5,3
lantiy,5,3
jele,5,3
avètisman,5,3
graj,5,3
m'a,5,3
amerik,5,3
koken,5,3
vòlman,5,3
klima,5,3
ankadreman,5,3
likid,5,3
ranpòte,5,3
farin,5,3
klinik,5,3
rèsanblans,5,3
bèje,5,3
ekonomize,5,3
tiwa,5,3
povrete,5,3
jenewozite,5,3
chimik,5,3
avantyou,5,3
gwav,5,3
enfimyè,5,3
kwasans,5,3
estasyon,5,3
oooh,5,3
lame,4,3
rèt,4,3
kultive,4,3
agrikòl,4,3
debake,4,3
bare,4,3
violèt,4,3
egoyis,4,3
pwopriyetè,4,3
volan,4,3
rilaks,4,3
depo,4,3
otè,4,3
ombra,4,3
boukette,4,3
papay,4,3
mene,4,3
anbisye,4,3
jijman,4,3
souflè,4,3
estrikti,4,3
eskal,4,3
mezire,4,3
somè,4,3
poutan,4,3
satisfe,4,3
natif,4,3
akonpanje,4,3
jérémi,4,3
ansèyman,4,3
fraz,4,3
touprè,4,3
konnesans,4,3
joli,4,3
poch,4,3
laverite,4,3
konsistans,4,3
toutbon,4,3
depanse,4,3
patikilyè,4,3
mannyè,4,3
renouvle,4,3
kawi,4,3
blije,4,3
akeyan,4,3
bran,4,3
bwòs,4,3
pyano,4,3
pèsepsyon,4,3
mama,4,3
precye,4,3
teyat,4,3
inivèsite,4,3
larenn,4,3
atraksyon,4,3
manyifik,4,3
boulèt,4,3
kanta,4,3
aventura,4,3
bwose,4,3
mank,4,3
aprèmidi,4,3
parfe,4,3
ofrann,4,3
rouye,4,3
kamyonèt,4,3
raz,4,3
avantire,4,3
tranpe,4,3
plezan,4,3
sèvo,4,3
absòbe,4,3
machwè,4,3
hm,4,3
pwochèn,4,3
jour,3,3
avoka,3,3
ho,3,3
kritik,3,3
alè,3,3
tank,3,3
the,3,3
g,3,3
bag,3,3
barb,3,3
vine,3,3
parfume,3,3
koupab,3,3
detrès,3,3
souse,3,3
pwotèktè,3,3
so,3,3
ravaje,3,3
teknoloji,3,3
evolye,3,3
tante,3,3
kolektiv,3,3
akeri,3,3
soule,3,3
prentan,3,3
pwemye,3,3
sensè,3,3
for,3,3
chamo,3,3
twonpe,3,3
kominotè,3,3
sousou,3,3
ronfle,3,3
konba,3,3
rekonésans,3,3
anviwonnman,3,3
sakrifis,3,3
sibi,3,3
annenan,3,3
kontak,3,3
pèseverans,3,3
un,3,3
regilye,3,3
brize,3,3
trese,3,3
diaman,3,3
bouchon,3,3
televizyon,3,3
aktif,3,3
bwadenn,3,3
gode,3,3
tolerans,3,3
selibatè,3,3
kree,3,3
kouchèt,3,3
larim,3,3
raman,3,3
palèt,3,3
entans,3,3
koube,3,3
feblès,3,3
enpwisan,3,3
meb,3,3
rapòte,3,3
rafrechi,3,3
deklare,3,3
akou,3,3
loraj,3,3
andan,3,3
enplike,3,3
lapolis,3,3
konple,3,3
senkyèm,3,3
sizyèm,3,3
setyèm,3,3
konpleksite,3,3
konpliman,3,3
tibebe,3,3
ekla,3,3
lèvan,3,3
tanp,3,3
trouve,3,3
mèvèye,3,3
pèseptè,3,3
mesaje,3,3
echwe,3,3
levanjil,3,3
gratis,3,3
akseptasyon,3,3
orijin,3,3
jip,3,3
menas,3,3
twalèt,3,3
anons,3,3
apwouve,3,3
manifeste,3,3
akri,3,3
domaj,3,3
enpèfeksyon,3,3
kontè,3,3
afiche,3,3
lil,3,3
akò,3,3
pwodiktif,3,3
pòtre,3,3
feyaj,3,3
enjistis,3,3
antou,3,3
vèv,3,3
ekzamp,3,3
toupiti,3,3
vòt,3,3
sènen,3,3
enpresyone,3,3
dedye,3,3
renouvèlman,3,3
lendèman,3,3
machinn,3,3
navigatè,3,3
mezi,3,3
anviwon,3,3
anpatik,3,3
relijyon,3,3
meditasyon,3,3
rido,3,3
mechanste,3,3
defile,3,3
kòsaj,3,3
fiti,3,3
anile,3,3
kroustiyan,3,3
jefò,3,3
aha,3,3
jenere,3,3
presizeman,3,3
vibre,3,3
anreta,3,3
posibilite,3,3
rekonpans,3,3
definitivman,3,3
disiplin,3,3
transpò,3,3
agresif,3,3
sijere,3,3
zegwi,3,3
letènite,3,3
sware,3,3
remarke,3,3
boom,3,3
melankoli,3,3
negosye,3,3
temwayaj,3,3
vyolèt,3,3
repran,3,3
kalman,3,3
talè,3,3
restore,3,3
garanti,3,3
blòk,3,3
marmit,3,3
pikant,3,3
detant,3,3
vitamin,3,3
limine,3,3
reparasyon,3,3
idantifye,3,3
bandaj,3,3
ezitasyon,3,3
senserite,3,3
mèvèyèz,3,3
reflekte,3,3
endike,3,3
idrate,3,3
fatigan,3,3
benefisye,3,3
strès,3,3
senkan,3,3
komemore,3,3
aksidantèlman,3,3
determinasyon,3,3
brave,3,3
aaa,3,3
bwatè,75,2
toutlèt,57,2
bé,55,2
dansé,48,2
émilie,45,2
ti-fè,43,2
dje,43,2
chouchou,41,2
emeline,41,2
wòchòl,38,2
pwoson,38,2
antoine,38,2
lilith,36,2
kler,36,2
pouchon,36,2
ti-lili,36,2
ti-klo,35,2
zonbi,35,2
èlizabè,34,2
koutèz,34,2
wouye,33,2
boukiki,32,2
mèlda,32,2
ce,31,2
pwofi,31,2
sèvrèz,30,2
ti-marie,30,2
kòbèt,30,2
zwa,30,2
janvye,30,2
anp,29,2
woudley,28,2
kòvèti,28,2
jan-lwi,28,2
èv,27,2
bebé,26,2
estè,26,2
labouyi,26,2
gédéon,26,2
komunitè,25,2
kalkil,24,2
torti,23,2
revey,23,2
bòkò,22,2
jérome,22,2
mami,22,2
estel,21,2
claude,21,2
jours,19,2
orkid,19,2
zanno,19,2
mélissa,18,2
ti-lorèn,18,2
lisèl,18,2
espe,17,2
konkurans,17,2
operasyon,17,2
kreativite,17,2
ti-bèl,17,2
filo,17,2
djanmèl,17,2
fèstivite,17,2
vals,16,2
chasè,16,2
jòdj,16,2
bòkaj,16,2
flèt,16,2
sekir,16,2
madmwazèl,16,2
ha,16,2
aristide,16,2
celebre,15,2
tonè,15,2
pwop,14,2
roro,14,2
bouda,14,2
gè,14,2
lèzè,13,2
éloïse,13,2
sirèn,13,2
merci,13,2
soufe,13,2
koryas,13,2
plimaj,13,2
tido,13,2
woulib,13,2
fiy,13,2
tiyon,12,2
lawouze,12,2
ròz,12,2
poulet,12,2
lisel,12,2
dantò,12,2
jil,12,2
sèktè,12,2
situe,12,2
ave,11,2
guéri,11,2
nouyòk,11,2
nanpòt,11,2
mòl,11,2
lise,11,2
zaz,11,2
lanbi,11,2
zwi,11,2
descovere,11,2
samuel,11,2
joupa,11,2
kouzen,11,2
henri,10,2
éléonore,10,2
esprit,10,2
montagn,10,2
zòb,10,2
kawòt,10,2
malika,10,2
varye,10,2
konsiste,10,2
kretyen,10,2
vodou,10,2
marcel,10,2
djakou,10,2
ti-mak,10,2
boukanye,10,2
fèl,9,2
pèsonnaj,9,2
pòto,9,2
batiman,9,2
trik,9,2
feels,9,2
kapten,9,2
kourèj,9,2
titit,9,2
chèv,9,2
vivi,9,2
ewozyon,9,2
wanament,9,2
boukannye,9,2
linèt,9,2
luc,8,2
wenson,8,2
afrik,8,2
kouma,8,2
marie-rose,8,2
dènyè,8,2
ile,8,2
mision,8,2
pweli,8,2
sòsye,8,2
kod,8,2
muze,8,2
direktè,8,2
demandle,8,2
simyen,8,2
woch,8,2
pefe,8,2
pòtrè,8,2
lanvè,8,2
djab,7,2
zil,7,2
kab,7,2
bwòch,7,2
rebèl,7,2
amour,7,2
bouskay,7,2
ò,7,2
aplikasyon,7,2
kabik,7,2
vannè,7,2
tand,7,2
kongo,7,2
aewopò,7,2
lalwa,7,2
sèvitè,7,2
soulatè,7,2
etoile,7,2
boug,7,2
voyeje,7,2
gwos,7,2
mwazin,7,2
metal,7,2
kòmè,7,2
pipi,7,2
komnikye,7,2
twoubadou,7,2
senbol,7,2
konnèt,6,2
fwit,6,2
diksyonè,6,2
anri,6,2
rezèv,6,2
mato,6,2
kora,6,2
solè,6,2
peur,6,2
teleskop,6,2
imajinè,6,2
two,6,2
rir,6,2
gaden,6,2
fwomaj,6,2
zuzu,6,2
arenyè,6,2
bokal,6,2
lèkòl,5,2
transparent,5,2
ev,5,2
kanna,5,2
eklatan,5,2
manifestasyon,5,2
angrè,5,2
gramè,5,2
magie,5,2
byo,5,2
ric,5,2
ekol,5,2
jamè,5,2
koresponn,5,2
ekspozisyon,5,2
tombe,5,2
d'amour,5,2
anpi,5,2
manyok,5,2
isabelle,5,2
kouchon,5,2
filè,5,2
vwazenaj,5,2
komprann,5,2
vwazòn,5,2
epok,5,2
lemond,5,2
sos,5,2
konpè,5,2
dechè,5,2
ridikil,5,2
tinèl,5,2
egzibisyon,5,2
refrechi,5,2
jenerozite,5,2
man,4,2
er,4,2
desandan,4,2
rekonnèt,4,2
asè,4,2
kristòf,4,2
bòsk,4,2
komase,4,2
remerseye,4,2
gagne,4,2
kwizinn,4,2
vandè,4,2
prez,4,2
special,4,2
pétionville,4,2
enteryè,4,2
bruit,4,2
endepandan,4,2
devwale,4,2
semen,4,2
banani,4,2
minis,4,2
idey,4,2
revoir,4,2
let,4,2
barrage,4,2
eksamen,4,2
biblitek,4,2
tre,4,2
epe,4,2
mwèn,4,2
imposib,4,2
lejènd,4,2
molekil,4,2
simen,4,2
fouti,4,2
syel,4,2
negatif,4,2
kòmandan,4,2
belye,4,2
kayèt,4,2
selèb,4,2
konse,4,2
gadò,4,2
respek,4,2
fòma,4,2
demare,4,2
bèv,4,2
panno,4,2
pwovizyon,4,2
kontinwite,4,2
cham,4,2
memorab,4,2
refwadi,4,2
jina,4,2
prizon,4,2
ensten,4,2
enjenyè,4,2
muri,4,2
sitadèl,4,2
cayes,4,2
opsyon,4,2
onètete,4,2
semans,4,2
fanatik,4,2
manba,4,2
bientôt,4,2
inyon,3,2
etabli,3,2
tet,3,2
evakye,3,2
j,3,2
sent,3,2
show,3,2
bès,3,2
end,3,2
dep,3,2
out,3,2
bènen,3,2
lakaye,3,2
akoute,3,2
pweson,3,2
pòdepè,3,2
vwaz,3,2
douman,3,2
ekonomik,3,2
pti,3,2
mouche,3,2
legen,3,2
zanjè,3,2
alfabè,3,2
atizanat,3,2
imans,3,2
aproche,3,2
tribinal,3,2
rize,3,2
bèl-bèl,3,2
sansasyonèl,3,2
woma,3,2
plage,3,2
sable,3,2
tònè,3,2
eksplòre,3,2
refuze,3,2
perdi,3,2
vibrasyon,3,2
èspwa,3,2
pyèj,3,2
lagrèm,3,2
kaz,3,2
asiyen,3,2
w'al,3,2
natal,3,2
kontante,3,2
wèb,3,2
zwit,3,2
bònjou,3,2
sach,3,2
klasik,3,2
modèn,3,2
mouvmann,3,2
klakle,3,2
espre,3,2
bananin,3,2
kwake,3,2
vèn,3,2
asistans,3,2
nej,3,2
destinasyon,3,2
parey,3,2
tapral,3,2
basen,3,2
bagaj,3,2
yap,3,2
kri,3,2
deyè,3,2
savan,3,2
resonnen,3,2
chif,3,2
moves,3,2
zèpòl,3,2
planè,3,2
kòmand,3,2
pwogresyon,3,2
etènèl,3,2
santye,3,2
eskalye,3,2
enfliyanse,3,2
pouw,3,2
grip,3,2
magiques,3,2
baraj,3,2
konvèsyon,3,2
rivage,3,2
pisin,3,2
divin,3,2
konsepsyon,3,2
vert,3,2
apwopriye,3,2
simbol,3,2
kamera,3,2
sovajman,3,2
konvenkan,3,2
akonè,3,2
vize,3,2
seul,3,2
òkès,3,2
revo,3,2
pwenn,3,2
gourde,3,2
fleksib,3,2
fotèy,3,2
kuriozite,3,2
ben,3,2
kontinyèlman,3,2
cap-haïtien,3,2
karakteristik,3,2
gwovan,3,2
koumansman,3,2
salon,3,2
acha,3,2
poun,3,2
parasòl,3,2
regleman,3,2
boulanjri,3,2
ekstrème,3,2
pèfòme,3,2
pite,3,2
monnen,3,2
klib,3,2
elektrisite,3,2
wayal,3,2
fasinan,3,2
nonplis,3,2
akouche,3,2
katon,3,2
malen,3,2
ponpe,3,2
pèsevere,3,2
poulp,3,2
otan,3,2
ganye,3,2
riz,3,2
pèsi,3,2
epidemi,3,2
eksklame,3,2
kivèt,3,2
avenir,3,2
entènèt,3,2
pla,3,2
elektrik,3,2
fòlibète,3,2
answit,3,2
tès,3,2
zoukazyon,3,2
adapte,3,2
gwadè,3,2
kwizinye,3,2
mikwòb,3,2
konkonm,3,2
apwobasyon,3,2
anana,3,2
lendi,3,2
peny,3,2
jemi,3,2
bonsoir,3,2
alafwa,3,2
ready,3,2
jèmen,3,2
nuizib,3,2
garaj,3,2
konpètans,2,2
lam,2,2
sout,2,2
pwosès,2,2
sipri,2,2
nous,2,2
zong,2,2
kritike,2,2
real,2,2
na,2,2
event,2,2
sé,2,2
wal,2,2
batman,2,2
mem,2,2
des,2,2
dé,2,2
am,2,2
pas,2,2
mont,2,2
c,2,2
boun,2,2
branse,2,2
dup,2,2
date,2,2
you,2,2
cree,2,2
sang,2,2
robin,2,2
pan,2,2
krist,2,2
beles,2,2
chal,2,2
rasamble,2,2
plewe,2,2
ansent,2,2
kolleksyon,2,2
tantakul,2,2
soufriyè,2,2
santè,2,2
kuraj,2,2
zel,2,2
pouswiv,2,2
polye,2,2
dyamann,2,2
lachas,2,2
mason,2,2
kuit,2,2
boue,2,2
vive,2,2
kòp,2,2
rekonèsans,2,2
sovè,2,2
majesk,2,2
jounalis,2,2
fòmasyon,2,2
chemis,2,2
timidite,2,2
koude,2,2
manev,2,2
pedi,2,2
gazon,2,2
chichèt,2,2
repoz,2,2
konseyl,2,2
bèlmè,2,2
inondasyon,2,2
esplore,2,2
komisyon,2,2
ananas,2,2
preparé,2,2
vertières,2,2
anmèdman,2,2
salklas,2,2
chaye,2,2
fier,2,2
popilasyon,2,2
komence,2,2
toro,2,2
vaz,2,2
erò,2,2
simple,2,2
èt,2,2
partaje,2,2
liye,2,2
bonis,2,2
alé,2,2
hope,2,2
bwouya,2,2
konnè,2,2
volé,2,2
petite,2,2
sel,2,2
lòj,2,2
nage,2,2
istoryen,2,2
oliv,2,2
souriye,2,2
desepsyon,2,2
konsolasyon,2,2
zoti,2,2
apèsi,2,2
depatman,2,2
sòl,2,2
ses,2,2
secrets,2,2
ble-vèt,2,2
pirifye,2,2
re-konnen,2,2
bambou,2,2
wouj-fèy,2,2
sikonstans,2,2
koutèy,2,2
soda,2,2
ensidan,2,2
tij,2,2
cache,2,2
papillon,2,2
nitrisyon,2,2
chou,2,2
jasmen,2,2
akonpayman,2,2
reflèchi,2,2
branche,2,2
jeu,2,2
dansan,2,2
briyante,2,2
surpriz,2,2
mang,2,2
konsekans,2,2
piblikasyon,2,2
zwezo,2,2
simityè,2,2
rak,2,2
plaje,2,2
enfants,2,2
naturel,2,2
nervey,2,2
segond,2,2
gad,2,2
plent,2,2
pèyi,2,2
règle,2,2
problèm,2,2
langage,2,2
cheval,2,2
kouti,2,2
moulen,2,2
kolèksyon,2,2
situasyon,2,2
anfin,2,2
melodik,2,2
epitou,2,2
koté,2,2
pilon,2,2
sanse,2,2
sètifika,2,2
anmenm,2,2
konsantman,2,2
kontèks,2,2
konvansyon,2,2
bonn,2,2
etensèl,2,2
anfle,2,2
uityèm,2,2
nevyèm,2,2
konstelasyon,2,2
tèrib,2,2
kèkontan,2,2
nanpwen,2,2
envit,2,2
chofé,2,2
anviye,2,2
konplèt,2,2
kòlèz,2,2
evapore,2,2
kòmante,2,2
swivi,2,2
reta,2,2
rève,2,2
plèn,2,2
seye,2,2
dezespwa,2,2
sèlmen,2,2
piblisite,2,2
dekontan,2,2
pilonnen,2,2
sofa,2,2
pwojeksyon,2,2
konvenk,2,2
rezonasyon,2,2
kaptivan,2,2
resous,2,2
pèsòn,2,2
montagne,2,2
solo,2,2
mòtye,2,2
angwas,2,2
anpoul,2,2
sispire,2,2
konseve,2,2
toutòy,2,2
planche,2,2
pèsè,2,2
pòmdetè,2,2
akonplisman,2,2
woutè,2,2
etan,2,2
fòt,2,2
lapawòl,2,2
konparezon,2,2
anvole,2,2
enpilsyon,2,2
misk,2,2
rezo,2,2
arè,2,2
apwòch,2,2
toutpandan,2,2
vòle,2,2
doux,2,2
anèji,2,2
haitian,2,2
entérés,2,2
kontiny,2,2
imidite,2,2
towo,2,2
anviwone,2,2
briyans,2,2
frisonnen,2,2
ti-ti,2,2
eksploze,2,2
eksplikasyon,2,2
obligasyon,2,2
lezon,2,2
siplemantè,2,2
t'al,2,2
lize,2,2
piye,2,2
jounou,2,2
senpati,2,2
lenn,2,2
malere,2,2
liman,2,2
presizyon,2,2
blond,2,2
kwak,2,2
joue,2,2
retade,2,2
pèsye,2,2
pénétrer,2,2
jakèt,2,2
eksiteman,2,2
zewo,2,2
l'espri,2,2
souvenirs,2,2
lumineux,2,2
danseur,2,2
toup,2,2
jeyan,2,2
konvenki,2,2
anpati,2,2
renome,2,2
karte,2,2
inisyativ,2,2
vèy,2,2
grannman,2,2
pétion,2,2
dekouvè,2,2
jwaye,2,2
detounen,2,2
sezisman,2,2
vivans,2,2
rekonsilye,2,2
anmwe,2,2
sèv,2,2
konpleks,2,2
avant,2,2
kouri-kouri,2,2
degoutman,2,2
sèkèt,2,2
kòwonn,2,2
réfléchi,2,2
aprese,2,2
konfesyon,2,2
frèy,2,2
pèd,2,2
lèy,2,2
diskisyon,2,2
konsèp,2,2
plizyèè,2,2
chuchote,2,2
grase,2,2
konplete,2,2
teritwa,2,2
remak,2,2
bouchè,2,2
delisye,2,2
tourne,2,2
regret,2,2
refleksi,2,2
speyal,2,2
anekdot,2,2
ne,2,2
jò,2,2
sosyal,2,2
genlè,2,2
l'wè,2,2
bèlti,2,2
videyo,2,2
anmennen,2,2
tandrès,2,2
kreyol,2,2
l'ale,2,2
anmèz,2,2
mès,2,2
kontant,2,2
apr,2,2
anpilman,2,2
rezen,2,2
frijidè,2,2
tache,2,2
desè,2,2
tag,2,2
remèsiman,2,2
ekstrèm,2,2
mansyone,2,2
reskonsablite,2,2
delivre,2,2
pètèt,2,2
imid,2,2
patikil,2,2
entegrite,2,2
esplòre,2,2
laje,2,2
tour,2,2
l'al,2,2
kèl,2,2
chofè,2,2
blè,2,2
lwe,2,2
pèn,2,2
konstri,2,2
aaah,2,2
amou,2,2
rezèvwa,2,2
elve,2,2
irigasyon,2,2
lank,2,2
konfwonte,2,2
banm,2,2
amikal,2,2
kanmenm,2,2
rekonfò,2,2
kloz,2,2
ayewopò,2,2
tousuit,2,2
piske,2,2
galon,2,2
dèt,2,2
ey,2,2
orijinal,2,2
emèt,2,2
tango,2,2
tipik,2,2
nè,2,2
elefan,2,2
kosyon,2,2
santan,2,2
pikwa,2,2
pridan,2,2
pous,2,2
vèsyon,2,2
pwofondeman,2,2
paresseux,2,2
verann,2,2
polis,2,2
evidan,2,2
enèjik,2,2
jisk,2,2
gidans,2,2
manton,2,2
rezilyans,2,2
lenteman,2,2
okipé,2,2
bataay,2,2
konfu,2,2
tise,2,2
debaz,2,2
pijama,2,2
jape,2,2
inscription,2,2
achitekti,2,2
tikè,2,2
moniman,2,2
fizikman,2,2
pwobableman,2,2
parfen,2,2
teste,2,2
tanperati,2,2
vanse,2,2
entegral,2,2
demonstrasyon,2,2
yèswa,2,2
nitritif,2,2
konfize,2,2
janmen,2,2
glisad,2,2
douzèn,2,2
lakòl,2,2
echantiyon,2,2
skilti,2,2
optimis,2,2
salad,2,2
ekosistèm,2,2
estad,2,2
melon,2,2
dezidrate,2,2
aksè,2,2
vantè,2,2
petiyan,2,2
ooh,2,2
sanzatann,2,2
sispèk,2,2
krake,2,2
dore,2,2
zanmann,2,2
dènyèman,2,2
segonn,2,2
anvol,2,2
destriksyon,2,2
prevwa,2,2
penyen,2,2
trèt,2,2
obsèvasyon,2,2
buz,2,2
dòz,2,2
soufi,2,2
komèsan,2,2
kannèl,2,2
plane,2,2
tranbl,2,2
fenk,2,2
gratitid,2,2
etoudi,2,2
repetisyon,2,2
leti,2,2
peryòd,2,2
velours,2,2
papiye,2,2
inosan,2,2
motè,2,2
filtre,2,2
eski,2,2
lapèn,2,2
paralize,2,2
kontakte,2,2
anmède,2,2
aaaaah,2,2
blèm,2,2
presi,2,2
dimaten,2,2
pèmanan,2,2
matla,2,2
sitèlman,2,2
ralanti,2,2
poubèl,2,2
absoliman,2,2
santèn,2,2
egzite,2,2
melodiye,2,2
eh,2,2
parese,2,2
kavalye,2,2
tigason,2,2
jiskaprezan,2,2
kaskèt,2,2
ooooooh,2,2
endigo,2,2
pwopaje,2,2
lanmidon,2,2
boude,2,2
konklizyon,2,2
